{
  "runs": 50,
  "rounds": 16,
  "playerCounts": [
    17,
    18,
    19,
    20,
    21,
    22
  ],
  "maxCourts": 4,
  "totalSimulations": 300,
  "algorithmParams": {
    "iterations": 500,
    "initialTemperature": 2000,
    "coolingRate": 0.9995
  },
  "aggregateStats": {
    "repeatRate": 15.666666666666668,
    "avgRepeatsPerRun": 0.19666666666666666,
    "zeroRepeatRate": 84.33333333333334
  },
  "levelBasedBalance": {
    "totalMatches": 19200,
    "strongerTeamWinRate": 93.35416666666667,
    "avgStrengthDifferential": 44.29270833333333,
    "perfectlyBalancedMatches": 2638,
    "perfectlyBalancedRate": 13.739583333333332
  },
  "engineTrackedBalance": {
    "totalMatches": 19200,
    "engineBalancedWinRate": 51.40104166666667,
    "avgEngineWinDifferential": 0.13697916666666668,
    "perfectlyBalancedMatches": 16591,
    "perfectlyBalancedRate": 86.41145833333333
  },
  "benchFairness": {
    "avgBenchRange": 1,
    "avgMeanGap": 3.5417389332146794,
    "doubleBenchRate": 6.881818181818182,
    "totalSessions": 300,
    "totalGapEvents": 11000
  },
  "timing": {
    "totalMs": 8071
  },
  "timestamp": "2026-03-06T21:06:19.978Z"
}