{
  "config": {
    "runs": 1000,
    "rounds": 50,
    "minPlayers": 17,
    "maxPlayers": 20,
    "numCourts": 4
  },
  "players": [
    {
      "numPlayers": 17,
      "theoreticalMax": 16.0,
      "algo_mean_gap": 15.757381818181827,
      "algo_std_gap": 0.1478077243044717,
      "baseline_mean_gap": 9.556849852814095,
      "baseline_std_gap": 1.1291070896369853,
      "baseline_double_bench_rate": 8.458079403585586,
      "events_mean_gap": 15.757381818181818,
      "events_std_gap": 6.828737023559931,
      "double_bench_count": 596,
      "total_bench_events": 165000,
      "distribution": [
        596,
        1159,
        1737,
        2372,
        3068,
        3524,
        3967,
        4680,
        5213,
        5973,
        6344,
        7074,
        7732,
        8258,
        8792,
        9405,
        9767,
        9201,
        8682,
        7830,
        7374,
        6984,
        6046,
        5527,
        4946,
        4323,
        3749,
        3296,
        2639,
        2141,
        1428,
        865,
        308
      ]
    },
    {
      "numPlayers": 18,
      "theoreticalMax": 8.0,
      "algo_mean_gap": 7.7570292682926825,
      "algo_std_gap": 0.06888176217787262,
      "baseline_mean_gap": 6.293680282104026,
      "baseline_std_gap": 0.3913882969923298,
      "baseline_double_bench_rate": 13.220632328206127,
      "events_mean_gap": 7.757029268292683,
      "events_std_gap": 3.6302828353839773,
      "double_bench_count": 5484,
      "total_bench_events": 410000,
      "distribution": [
        5484,
        10987,
        16947,
        22147,
        27731,
        32154,
        36658,
        41199,
        45472,
        40060,
        34594,
        28833,
        23248,
        17841,
        13341,
        8941,
        4363
      ]
    },
    {
      "numPlayers": 19,
      "theoreticalMax": 5.333333333333333,
      "algo_mean_gap": 5.285595419847327,
      "algo_std_gap": 0.0194339320494633,
      "baseline_mean_gap": 4.560858605135323,
      "baseline_std_gap": 0.1924597245610952,
      "baseline_double_bench_rate": 17.738660478465977,
      "events_mean_gap": 5.285595419847328,
      "events_std_gap": 2.577424815735835,
      "double_bench_count": 17530,
      "total_bench_events": 655000,
      "distribution": [
        17530,
        33830,
        50831,
        66720,
        83203,
        98490,
        91839,
        75141,
        59010,
        42513,
        25895,
        9493,
        505
      ]
    },
    {
      "numPlayers": 20,
      "theoreticalMax": 4.0,
      "algo_mean_gap": 4.0,
      "algo_std_gap": 0.0,
      "baseline_mean_gap": 3.548688888888889,
      "baseline_std_gap": 0.10796237113108861,
      "baseline_double_bench_rate": 21.839444444444446,
      "events_mean_gap": 4.0,
      "events_std_gap": 1.9981252303386912,
      "double_bench_count": 35819,
      "total_bench_events": 900000,
      "distribution": [
        35819,
        71823,
        108052,
        144456,
        180007,
        144029,
        107941,
        72098,
        35775
      ]
    }
  ]
}