engine,engineName,repeatRate,zeroRepeatRate,avgRepeatsPerRun,levelStrongerWinRate,levelAvgDiff,engineBalancedWinRate,engineAvgDiff,benchRange,avgMeanGap,doubleBenchRate,totalTimeMs
random,Random Baseline,100,0,14.353333333333333,63.65,1.987,52.69166666666667,1.592,4.176666666666667,1.865724337124129,34.40640436041561,38
mc,Monte Carlo (MC),100,0,7.873333333333333,63.84166666666666,1.9710833333333333,50.55,0.30275,0.8333333333333334,2.7797670901391394,8.02,5543
sa,Simulated Annealing (SA),0,100,0,63.44166666666666,1.9786666666666666,49.475,0.25716666666666665,0.8333333333333334,2.8978221415607974,8.12,74392
cg,Conflict Graph (CG),93.66666666666667,6.333333333333334,2.77,63.74999999999999,2.0063333333333335,49.5,0.5304166666666666,0.8333333333333334,2.9321038882472603,7.3999999999999995,127