engine,engineName,repeatRate,zeroRepeatRate,avgRepeatsPerRun,levelStrongerWinRate,levelAvgDiff,engineBalancedWinRate,engineAvgDiff,benchRange,avgMeanGap,doubleBenchRate,totalTimeMs
random,Random Baseline,100,0,14.293333333333333,63.983333333333334,1.9751666666666667,53.29166666666667,1.5785833333333332,4.316666666666666,1.9024747560082014,34.9898236092266,38
mc,Monte Carlo (MC),99.66666666666667,0.33333333333333337,7.543333333333333,63.725,1.9790833333333333,49.166666666666664,0.30491666666666667,0.8333333333333334,2.823124621899574,8.24,5266
sa,Simulated Annealing (SA),0,100,0,63.50833333333333,1.9904166666666667,51.083333333333336,0.2654166666666667,0.8333333333333334,2.8484078534895234,7.82,71836
cg,Conflict Graph (CG),97.33333333333334,2.666666666666667,2.736666666666667,63.76666666666667,2.01,49.75,0.5263333333333333,0.8333333333333334,2.9272716273442216,8.08,129