{
  "runs": 50,
  "rounds": 16,
  "playerCounts": [
    17,
    18,
    19,
    20,
    21,
    22
  ],
  "maxCourts": 4,
  "totalSimulations": 300,
  "algorithmParams": {
    "iterations": 500,
    "initialTemperature": 2000,
    "coolingRate": 0.9985
  },
  "aggregateStats": {
    "repeatRate": 67,
    "avgRepeatsPerRun": 1.1966666666666668,
    "zeroRepeatRate": 36.333333333333336
  },
  "levelBasedBalance": {
    "totalMatches": 19200,
    "strongerTeamWinRate": 67.171875,
    "avgStrengthDifferential": 8.825,
    "perfectlyBalancedMatches": 12478,
    "perfectlyBalancedRate": 64.98958333333333
  },
  "engineTrackedBalance": {
    "totalMatches": 19200,
    "engineBalancedWinRate": 49.328125,
    "avgEngineWinDifferential": 0.30526041666666665,
    "perfectlyBalancedMatches": 13688,
    "perfectlyBalancedRate": 71.29166666666666
  },
  "benchFairness": {
    "avgBenchRange": 1,
    "avgMeanGap": 3.5300513282453685,
    "doubleBenchRate": 7.0636363636363635,
    "totalSessions": 300,
    "totalGapEvents": 11000
  },
  "timing": {
    "totalMs": 7818
  },
  "timestamp": "2026-03-06T21:06:28.391Z"
}