{
  "runs": 50,
  "rounds": 16,
  "playerCounts": [
    17,
    18,
    19,
    20,
    21,
    22
  ],
  "maxCourts": 4,
  "totalSimulations": 300,
  "algorithmParams": {
    "iterationsPerRound": 1
  },
  "aggregateStats": {
    "repeatRate": 100,
    "avgRepeatsPerRun": 35.086666666666666,
    "zeroRepeatRate": 0
  },
  "levelBasedBalance": {
    "totalMatches": 19200,
    "strongerTeamWinRate": 93.05208333333333,
    "avgStrengthDifferential": 45.51770833333333,
    "perfectlyBalancedMatches": 2635,
    "perfectlyBalancedRate": 13.723958333333334
  },
  "engineTrackedBalance": {
    "totalMatches": 19200,
    "engineBalancedWinRate": 72.52083333333333,
    "avgEngineWinDifferential": 2.9002083333333335,
    "perfectlyBalancedMatches": 3580,
    "perfectlyBalancedRate": 18.645833333333332
  },
  "benchFairness": {
    "avgBenchRange": 5.623333333333333,
    "avgMeanGap": 2.632628171302025,
    "doubleBenchRate": 29.701260576757036,
    "totalSessions": 300,
    "totalGapEvents": 11582
  },
  "timing": {
    "totalMs": 48
  },
  "timestamp": "2026-03-06T21:06:02.231Z"
}